<?xml version="1.0" encoding="UTF-8"?>
<table xmlns="http://query.yahooapis.com/v1/schema/table.xsd">
  <meta>
    <author>JayData, community@jaydata.org</author>
  </meta>
  <bindings>
	<select itemPath="categories.category" produces="XML">
      <inputs>
        <key id="id" type="xs:int" paramType="path" required="false" />
      </inputs>
      <urls>
        <url><![CDATA[http://jaydata.org/examples/rails/categories/{id}]]></url>
      </urls>
      <execute>
        <![CDATA[
                 response.object = request.accept('application/xml').get().response;
        ]]>
      </execute>
    </select>
  </bindings>
</table>